[{"model": "admin.logentry", "pk": 1, "fields": {"action_time": "2022-06-19T11:39:00.974Z", "user": 1, "content_type": 8, "object_id": "1", "object_repr": "Kolofon Hyperspectral TV", "action_flag": 1, "change_message": "[{\"added\": {}}]"}}, {"model": "admin.logentry", "pk": 2, "fields": {"action_time": "2022-06-19T11:43:41.163Z", "user": 1, "content_type": 9, "object_id": "1", "object_repr": "Screen Technology", "action_flag": 1, "change_message": "[{\"added\": {}}]"}}, {"model": "admin.logentry", "pk": 3, "fields": {"action_time": "2022-06-19T11:44:00.984Z", "user": 1, "content_type": 9, "object_id": "2", "object_repr": "Screen Size", "action_flag": 1, "change_message": "[{\"added\": {}}]"}}, {"model": "admin.logentry", "pk": 4, "fields": {"action_time": "2022-06-19T11:44:24.240Z", "user": 1, "content_type": 9, "object_id": "3", "object_repr": "Screen Resolution", "action_flag": 1, "change_message": "[{\"added\": {}}]"}}, {"model": "admin.logentry", "pk": 5, "fields": {"action_time": "2022-06-19T11:44:35.017Z", "user": 1, "content_type": 9, "object_id": "4", "object_repr": "Colour Technology", "action_flag": 1, "change_message": "[{\"added\": {}}]"}}, {"model": "admin.logentry", "pk": 6, "fields": {"action_time": "2022-06-19T11:44:47.965Z", "user": 1, "content_type": 9, "object_id": "5", "object_repr": "Hyperspectral", "action_flag": 1, "change_message": "[{\"added\": {}}]"}}, {"model": "admin.logentry", "pk": 7, "fields": {"action_time": "2022-06-19T11:44:56.894Z", "user": 1, "content_type": 9, "object_id": "6", "object_repr": "Simultaneous Hyperspectral Chanels", "action_flag": 1, "change_message": "[{\"added\": {}}]"}}, {"model": "admin.logentry", "pk": 8, "fields": {"action_time": "2022-06-19T11:45:09.203Z", "user": 1, "content_type": 9, "object_id": "7", "object_repr": "Storage Type", "action_flag": 1, "change_message": "[{\"added\": {}}]"}}, {"model": "admin.logentry", "pk": 9, "fields": {"action_time": "2022-06-19T11:45:19.309Z", "user": 1, "content_type": 9, "object_id": "8", "object_repr": "Storage Read Speed (Storage Write Speed)", "action_flag": 1, "change_message": "[{\"added\": {}}]"}}, {"model": "admin.logentry", "pk": 10, "fields": {"action_time": "2022-06-19T11:45:33.965Z", "user": 1, "content_type": 9, "object_id": "9", "object_repr": "Storage Capacity", "action_flag": 1, "change_message": "[{\"added\": {}}]"}}, {"model": "admin.logentry", "pk": 11, "fields": {"action_time": "2022-06-19T11:45:42.269Z", "user": 1, "content_type": 9, "object_id": "10", "object_repr": "Webcam", "action_flag": 1, "change_message": "[{\"added\": {}}]"}}, {"model": "admin.logentry", "pk": 12, "fields": {"action_time": "2022-06-19T11:45:54.418Z", "user": 1, "content_type": 9, "object_id": "11", "object_repr": "Webcam Resolution (Webcam Framerate)", "action_flag": 1, "change_message": "[{\"added\": {}}]"}}, {"model": "admin.logentry", "pk": 13, "fields": {"action_time": "2022-06-19T11:46:03.530Z", "user": 1, "content_type": 9, "object_id": "12", "object_repr": "TV Processor", "action_flag": 1, "change_message": "[{\"added\": {}}]"}}, {"model": "admin.logentry", "pk": 14, "fields": {"action_time": "2022-06-19T11:46:14.286Z", "user": 1, "content_type": 9, "object_id": "13", "object_repr": "Smart TV", "action_flag": 1, "change_message": "[{\"added\": {}}]"}}, {"model": "admin.logentry", "pk": 15, "fields": {"action_time": "2022-06-19T11:46:21.732Z", "user": 1, "content_type": 9, "object_id": "14", "object_repr": "Smart TV Platform", "action_flag": 1, "change_message": "[{\"added\": {}}]"}}, {"model": "admin.logentry", "pk": 16, "fields": {"action_time": "2022-06-19T11:46:38.713Z", "user": 1, "content_type": 9, "object_id": "15", "object_repr": "3D Compatible", "action_flag": 1, "change_message": "[{\"added\": {}}]"}}, {"model": "admin.logentry", "pk": 17, "fields": {"action_time": "2022-06-19T11:46:48.881Z", "user": 1, "content_type": 9, "object_id": "16", "object_repr": "Bluetooth", "action_flag": 1, "change_message": "[{\"added\": {}}]"}}, {"model": "admin.logentry", "pk": 18, "fields": {"action_time": "2022-06-19T11:46:56.673Z", "user": 1, "content_type": 9, "object_id": "17", "object_repr": "Wireless Protocol", "action_flag": 1, "change_message": "[{\"added\": {}}]"}}, {"model": "admin.logentry", "pk": 19, "fields": {"action_time": "2022-06-19T11:47:05.826Z", "user": 1, "content_type": 9, "object_id": "18", "object_repr": "Compatible Video Streaming Apps", "action_flag": 1, "change_message": "[{\"added\": {}}]"}}, {"model": "admin.logentry", "pk": 20, "fields": {"action_time": "2022-06-19T11:47:19.358Z", "user": 1, "content_type": 9, "object_id": "19", "object_repr": "Built-in Voice Assistant", "action_flag": 1, "change_message": "[{\"added\": {}}]"}}, {"model": "admin.logentry", "pk": 21, "fields": {"action_time": "2022-06-19T11:47:27.144Z", "user": 1, "content_type": 9, "object_id": "20", "object_repr": "HDR Format", "action_flag": 1, "change_message": "[{\"added\": {}}]"}}, {"model": "admin.logentry", "pk": 22, "fields": {"action_time": "2022-06-19T11:47:33.913Z", "user": 1, "content_type": 9, "object_id": "21", "object_repr": "Sound", "action_flag": 1, "change_message": "[{\"added\": {}}]"}}, {"model": "admin.logentry", "pk": 23, "fields": {"action_time": "2022-06-19T11:47:42.133Z", "user": 1, "content_type": 9, "object_id": "22", "object_repr": "Refresh Rate", "action_flag": 1, "change_message": "[{\"added\": {}}]"}}, {"model": "admin.logentry", "pk": 24, "fields": {"action_time": "2022-06-19T11:47:51.148Z", "user": 1, "content_type": 9, "object_id": "23", "object_repr": "Maximum Refresh Rate", "action_flag": 1, "change_message": "[{\"added\": {}}]"}}, {"model": "admin.logentry", "pk": 25, "fields": {"action_time": "2022-06-19T11:47:59.367Z", "user": 1, "content_type": 9, "object_id": "24", "object_repr": "Motion Rate", "action_flag": 1, "change_message": "[{\"added\": {}}]"}}, {"model": "admin.logentry", "pk": 26, "fields": {"action_time": "2022-06-19T11:48:09.714Z", "user": 1, "content_type": 9, "object_id": "25", "object_repr": "HDMI Inputs", "action_flag": 1, "change_message": "[{\"added\": {}}]"}}, {"model": "admin.logentry", "pk": 27, "fields": {"action_time": "2022-06-19T11:48:19.119Z", "user": 1, "content_type": 9, "object_id": "26", "object_repr": "DisplayPort Inputs", "action_flag": 1, "change_message": "[{\"added\": {}}]"}}, {"model": "admin.logentry", "pk": 28, "fields": {"action_time": "2022-06-19T11:48:25.696Z", "user": 1, "content_type": 9, "object_id": "27", "object_repr": "USB Inputs", "action_flag": 1, "change_message": "[{\"added\": {}}]"}}, {"model": "admin.logentry", "pk": 29, "fields": {"action_time": "2022-06-19T11:48:31.416Z", "user": 1, "content_type": 9, "object_id": "28", "object_repr": "Energy Star Rating", "action_flag": 1, "change_message": "[{\"added\": {}}]"}}, {"model": "admin.logentry", "pk": 30, "fields": {"action_time": "2022-06-19T11:48:38.484Z", "user": 1, "content_type": 9, "object_id": "29", "object_repr": "Release Year", "action_flag": 1, "change_message": "[{\"added\": {}}]"}}, {"model": "admin.logentry", "pk": 31, "fields": {"action_time": "2022-06-19T11:48:45.331Z", "user": 1, "content_type": 9, "object_id": "30", "object_repr": "Series", "action_flag": 1, "change_message": "[{\"added\": {}}]"}}, {"model": "admin.logentry", "pk": 32, "fields": {"action_time": "2022-06-19T11:48:52.415Z", "user": 1, "content_type": 9, "object_id": "31", "object_repr": "Weight with stand (weight without stand)", "action_flag": 1, "change_message": "[{\"added\": {}}]"}}, {"model": "admin.logentry", "pk": 33, "fields": {"action_time": "2022-06-19T11:49:01.837Z", "user": 1, "content_type": 9, "object_id": "32", "object_repr": "What's In The Box", "action_flag": 1, "change_message": "[{\"added\": {}}]"}}, {"model": "admin.logentry", "pk": 34, "fields": {"action_time": "2022-06-19T11:49:09.762Z", "user": 1, "content_type": 9, "object_id": "33", "object_repr": "Additional Features", "action_flag": 1, "change_message": "[{\"added\": {}}]"}}, {"model": "admin.logentry", "pk": 35, "fields": {"action_time": "2022-06-19T11:49:20.581Z", "user": 1, "content_type": 9, "object_id": "34", "object_repr": "Manufacturer's Warranty *", "action_flag": 1, "change_message": "[{\"added\": {}}]"}}, {"model": "admin.logentry", "pk": 36, "fields": {"action_time": "2022-06-19T11:49:34.084Z", "user": 1, "content_type": 8, "object_id": "1", "object_repr": "Kolofon Hyperspectral TV", "action_flag": 2, "change_message": "[{\"changed\": {\"fields\": [\"Specifications\"]}}]"}}, {"model": "admin.logentry", "pk": 37, "fields": {"action_time": "2022-06-19T11:56:24.545Z", "user": 1, "content_type": 8, "object_id": "2", "object_repr": "Kolofon Glass-S", "action_flag": 1, "change_message": "[{\"added\": {}}]"}}, {"model": "admin.logentry", "pk": 38, "fields": {"action_time": "2022-06-21T00:16:19.640Z", "user": 1, "content_type": 7, "object_id": "16", "object_repr": "", "action_flag": 3, "change_message": ""}}, {"model": "admin.logentry", "pk": 39, "fields": {"action_time": "2022-06-21T00:16:19.651Z", "user": 1, "content_type": 7, "object_id": "15", "object_repr": "", "action_flag": 3, "change_message": ""}}, {"model": "admin.logentry", "pk": 40, "fields": {"action_time": "2022-06-21T00:16:19.661Z", "user": 1, "content_type": 7, "object_id": "14", "object_repr": "", "action_flag": 3, "change_message": ""}}, {"model": "admin.logentry", "pk": 41, "fields": {"action_time": "2022-06-21T00:16:19.672Z", "user": 1, "content_type": 7, "object_id": "13", "object_repr": "According to all known laws of aviation, there is no way that a bee should be able to fly. Its wings are too small to get its fat little body off the ground. The bee, of course, flies anyway. Because ", "action_flag": 3, "change_message": ""}}, {"model": "admin.logentry", "pk": 42, "fields": {"action_time": "2022-06-21T00:16:19.682Z", "user": 1, "content_type": 7, "object_id": "12", "object_repr": "According to all known laws of aviation, there is no way that a bee should be able to fly. Its wings are too small to get its fat little body off the ground. The bee, of course, flies anyway. Because ", "action_flag": 3, "change_message": ""}}, {"model": "admin.logentry", "pk": 43, "fields": {"action_time": "2022-06-21T00:16:19.693Z", "user": 1, "content_type": 7, "object_id": "11", "object_repr": "According to all known laws of aviation, there is no way that a bee should be able to fly. Its wings are too small to get its fat little body off the ground. The bee, of course, flies anyway. Because ", "action_flag": 3, "change_message": ""}}, {"model": "admin.logentry", "pk": 44, "fields": {"action_time": "2022-06-21T00:16:19.704Z", "user": 1, "content_type": 7, "object_id": "10", "object_repr": "According to all known laws of aviation, there is no way that a bee should be able to fly. Its wings are too small to get its fat little body off the ground. The bee, of course, flies anyway. Because ", "action_flag": 3, "change_message": ""}}, {"model": "admin.logentry", "pk": 45, "fields": {"action_time": "2022-06-21T00:16:19.714Z", "user": 1, "content_type": 7, "object_id": "9", "object_repr": "", "action_flag": 3, "change_message": ""}}, {"model": "admin.logentry", "pk": 46, "fields": {"action_time": "2022-06-21T00:16:19.726Z", "user": 1, "content_type": 7, "object_id": "8", "object_repr": "", "action_flag": 3, "change_message": ""}}, {"model": "admin.logentry", "pk": 47, "fields": {"action_time": "2022-06-21T00:16:19.736Z", "user": 1, "content_type": 7, "object_id": "7", "object_repr": "", "action_flag": 3, "change_message": ""}}, {"model": "admin.logentry", "pk": 48, "fields": {"action_time": "2022-06-21T00:16:19.747Z", "user": 1, "content_type": 7, "object_id": "6", "object_repr": "", "action_flag": 3, "change_message": ""}}, {"model": "admin.logentry", "pk": 49, "fields": {"action_time": "2022-06-21T00:16:19.758Z", "user": 1, "content_type": 7, "object_id": "1", "object_repr": "Test", "action_flag": 3, "change_message": ""}}, {"model": "admin.logentry", "pk": 50, "fields": {"action_time": "2022-06-21T00:16:40.971Z", "user": 1, "content_type": 7, "object_id": "17", "object_repr": "", "action_flag": 3, "change_message": ""}}, {"model": "admin.logentry", "pk": 51, "fields": {"action_time": "2022-06-21T00:17:15.812Z", "user": 1, "content_type": 7, "object_id": "24", "object_repr": "", "action_flag": 3, "change_message": ""}}, {"model": "admin.logentry", "pk": 52, "fields": {"action_time": "2022-06-21T00:17:15.824Z", "user": 1, "content_type": 7, "object_id": "23", "object_repr": "", "action_flag": 3, "change_message": ""}}, {"model": "admin.logentry", "pk": 53, "fields": {"action_time": "2022-06-21T00:17:15.834Z", "user": 1, "content_type": 7, "object_id": "22", "object_repr": "", "action_flag": 3, "change_message": ""}}, {"model": "admin.logentry", "pk": 54, "fields": {"action_time": "2022-06-21T00:17:15.845Z", "user": 1, "content_type": 7, "object_id": "21", "object_repr": "", "action_flag": 3, "change_message": ""}}, {"model": "admin.logentry", "pk": 55, "fields": {"action_time": "2022-06-21T00:17:15.857Z", "user": 1, "content_type": 7, "object_id": "20", "object_repr": "", "action_flag": 3, "change_message": ""}}, {"model": "admin.logentry", "pk": 56, "fields": {"action_time": "2022-06-21T00:17:15.868Z", "user": 1, "content_type": 7, "object_id": "19", "object_repr": "", "action_flag": 3, "change_message": ""}}, {"model": "admin.logentry", "pk": 57, "fields": {"action_time": "2022-06-21T00:17:15.879Z", "user": 1, "content_type": 7, "object_id": "18", "object_repr": "", "action_flag": 3, "change_message": ""}}, {"model": "admin.logentry", "pk": 58, "fields": {"action_time": "2022-06-21T00:18:50.850Z", "user": 1, "content_type": 7, "object_id": "28", "object_repr": "Bible, King James Version Genesis", "action_flag": 3, "change_message": ""}}, {"model": "admin.logentry", "pk": 59, "fields": {"action_time": "2022-06-21T00:18:50.863Z", "user": 1, "content_type": 7, "object_id": "27", "object_repr": "Bible, King James Version Genesis", "action_flag": 3, "change_message": ""}}, {"model": "admin.logentry", "pk": 60, "fields": {"action_time": "2022-06-21T00:18:50.874Z", "user": 1, "content_type": 7, "object_id": "26", "object_repr": "", "action_flag": 3, "change_message": ""}}, {"model": "admin.logentry", "pk": 61, "fields": {"action_time": "2022-06-21T00:18:50.885Z", "user": 1, "content_type": 7, "object_id": "25", "object_repr": "", "action_flag": 3, "change_message": ""}}, {"model": "admin.logentry", "pk": 62, "fields": {"action_time": "2022-06-21T00:56:33.844Z", "user": 1, "content_type": 6, "object_id": "2", "object_repr": "BRYNBLACK", "action_flag": 2, "change_message": "[{\"changed\": {\"fields\": [\"Email address\"]}}]"}}, {"model": "admin.logentry", "pk": 63, "fields": {"action_time": "2022-06-26T05:11:09.255Z", "user": 1, "content_type": 9, "object_id": "35", "object_repr": "Hyperspectral Generation", "action_flag": 1, "change_message": "[{\"added\": {}}]"}}, {"model": "admin.logentry", "pk": 64, "fields": {"action_time": "2022-06-26T05:12:03.115Z", "user": 1, "content_type": 9, "object_id": "36", "object_repr": "Hyperspectral Layers", "action_flag": 1, "change_message": "[{\"added\": {}}]"}}, {"model": "admin.logentry", "pk": 65, "fields": {"action_time": "2022-06-26T05:13:06.472Z", "user": 1, "content_type": 9, "object_id": "37", "object_repr": "Hyperspectral Wavelengths", "action_flag": 1, "change_message": "[{\"added\": {}}]"}}, {"model": "admin.logentry", "pk": 66, "fields": {"action_time": "2022-06-26T05:13:26.911Z", "user": 1, "content_type": 8, "object_id": "2", "object_repr": "Kolofon Glass-S", "action_flag": 2, "change_message": "[{\"changed\": {\"fields\": [\"Long name\", \"Description\", \"Specifications\"]}}]"}}, {"model": "admin.logentry", "pk": 67, "fields": {"action_time": "2022-06-27T13:09:48.381Z", "user": 1, "content_type": 10, "object_id": "1", "object_repr": "Televisions", "action_flag": 1, "change_message": "[{\"added\": {}}]"}}, {"model": "admin.logentry", "pk": 68, "fields": {"action_time": "2022-06-27T13:09:51.464Z", "user": 1, "content_type": 8, "object_id": "1", "object_repr": "Kolofon Hyperspectral TV", "action_flag": 2, "change_message": "[{\"changed\": {\"fields\": [\"Categories\"]}}]"}}, {"model": "admin.logentry", "pk": 69, "fields": {"action_time": "2022-06-27T13:10:01.915Z", "user": 1, "content_type": 10, "object_id": "2", "object_repr": "Accessories", "action_flag": 1, "change_message": "[{\"added\": {}}]"}}, {"model": "admin.logentry", "pk": 70, "fields": {"action_time": "2022-06-27T13:10:03.276Z", "user": 1, "content_type": 8, "object_id": "2", "object_repr": "Kolofon Glass-S", "action_flag": 2, "change_message": "[{\"changed\": {\"fields\": [\"Categories\"]}}]"}}, {"model": "admin.logentry", "pk": 71, "fields": {"action_time": "2022-06-30T07:35:20.085Z", "user": 1, "content_type": 11, "object_id": "1", "object_repr": "Not allowed", "action_flag": 1, "change_message": "[{\"added\": {}}]"}}, {"model": "sessions.session", "pk": "iqtbr8yeie5u8iuybcmqqmsa6xdgoxnc", "fields": {"session_data": ".eJxVjMsOwiAUBf-FtSG0BVpcuvcbyH1wpWogKe3K-O_apAvdnpk5LxVhW3PcWlrizOqsOnX63RDokcoO-A7lVjXVsi4z6l3RB236Wjk9L4f7d5Ch5W8NiBAmxkDkCYAck5OexUnggRMHFJQ-SGcBJ-eNtYTOD2aUwYMdjXp_AEZTOYQ:1o6ohQ:-lF7Va-U4Q1DELxXebKeCZKBX7OKC3hJyWs-x_EJVrI", "expire_date": "2022-07-14T07:34:52.812Z"}}, {"model": "core.user", "pk": 1, "fields": {"password": "pbkdf2_sha256$320000$azY7HT5AuBSwTwMgv2vjc4$qHAOFLj7Z8F7JNIZ2LINhOj7xVt4d6DoRG128R6+F84=", "last_login": "2022-06-30T07:34:52.808Z", "is_superuser": true, "username": "aryanj", "first_name": "", "last_name": "", "email": "aryanjassal.au@gmail.com", "is_staff": true, "is_active": true, "date_joined": "2022-06-19T11:36:21.275Z", "groups": [], "user_permissions": []}}, {"model": "core.user", "pk": 2, "fields": {"password": "pbkdf2_sha256$320000$pxO1XTKNF1m40m9IrRBS42$TaVc0hn1N+WkD+4JsNKLHTbJxfFmN7mYEy+lVO3fXAA=", "last_login": null, "is_superuser": false, "username": "BRYNBLACK", "first_name": "BRYN", "last_name": "BLACK", "email": "brynblack@gmail.com", "is_staff": false, "is_active": true, "date_joined": "2022-06-21T00:23:30Z", "groups": [], "user_permissions": []}}, {"model": "store.product", "pk": 1, "fields": {"name": "Kolofon Hyperspectral TV", "long_name": "Kolofon 69\" Quantum Dot 16K Ultra HD Hyperspectral Smart TV", "slug": "hyperspectral-tv", "model": "KFHSTV027-69QD-UHD-AU09200A", "description": "Kolofon 69\" Quantum Dot 16K Ultra HD Hyperspectral Smart TV has a high-resolution 16K UHD display so you never miss a single detail. Powered by the Quantum Dot pixel technology, the refresh rates are blazingly fast! The quantum dot technology also enables the Hyperspectral TV to display extremely vivid colours and high contrast for maximum immersion, along with Quantum HDR 16X Plus support! This makes the Hyperspectral TV the perfect solution for the ultimate entertainment experience. The massive 69\" screen size ensures that all your family can watch the latest and greatest shows together with a cinema-like experience! Powered by the proprietary KF Zenith T27 processor and packed with 8GB of RAM, the Kolofon Hyperspectral TV can handle whatever you throw at it with ease. Its massive 1TB SSD storage makes it easy to store all your digital content and applications. The Hyperspectral TV also offers built-in Wi-Fi 6 and Bluetooth 6.0 connectivity! Thanks to Kolofon's latest breakthrough in hyperspectral image rendering, the Hyperspectral TV is able to display two individual display inputs at the same time so there will be no more fights regarding whose time it is to watch the television! Simply wear a pair of Glass-S™ (sold separately) and a pair of headphones (not included, sold separately)! Thats it! You can now start using the second hyperspectral layer to play whatever you want to watch without disturbing the first hyperspectral layer!", "price": "69420.69", "sale_price": "1770.18", "image": "products/smart-tv.png", "specifications": [1, 2, 3, 4, 5, 6, 7, 8, 9, 10, 11, 12, 13, 14, 15, 16, 17, 18, 19, 20, 21, 22, 23, 24, 25, 26, 27, 28, 29, 30, 31, 32, 33, 34], "categories": [1]}}, {"model": "store.product", "pk": 2, "fields": {"name": "Kolofon Glass-S", "long_name": "Kolofon Proprietary Hyperspectral Glass-S Model 1A", "slug": "glass-s", "model": "KFHSGL691-2020V-STDSZ-AU04561D", "description": "Kolofon's proprietary Hyperspectral Glass-S is a product meant to be used in conjunction with Kolofon's Hyperspectral television.  The Glass-S model 1A is compatible with the first generation of Kolofon's Hyperspectral television with support for accessing one hyperspectral layer. The Glass-S-es are built with keeping durability in mind. With the stylish and modern design, this looks good on people with all ages and acts as a status symbol as well.", "price": "499.00", "sale_price": "199.00", "image": "products/glass-s.png", "specifications": [35, 36, 37], "categories": [2]}}, {"model": "store.review", "pk": 30, "fields": {"product": 1, "user": null, "title": "no", "body": "no", "created_at": "2022-06-21T00:53:19.994Z", "recommended": true, "star_rating": 5}}, {"model": "store.review", "pk": 31, "fields": {"product": 1, "user": null, "title": "no", "body": "definitely not", "created_at": "2022-06-26T05:54:24.538Z", "recommended": false, "star_rating": 1}}, {"model": "store.review", "pk": 32, "fields": {"product": 2, "user": null, "title": "FOSS is better", "body": "I'd just like to interject for a moment. What you're refering to as Linux, is in fact, GNU/Linux, or as I've recently taken to calling it, GNU plus Linux. Linux is not an operating system unto itself, but rather another free component of a fully functioning GNU system made useful by the GNU corelibs, shell utilities and vital system components comprising a full OS as defined by POSIX.\r\n\r\nMany computer users run a modified version of the GNU system every day, without realizing it. Through a peculiar turn of events, the version of GNU which is widely used today is often called Linux, and many of its users are not aware that it is basically the GNU system, developed by the GNU Project.\r\n\r\nThere really is a Linux, and these people are using it, but it is just a part of the system they use. Linux is the kernel: the program in the system that allocates the machine's resources to the other programs that you run. The kernel is an essential part of an operating system, but useless by itself; it can only function in the context of a complete operating system. Linux is normally used in combination with the GNU operating system: the whole system is basically GNU with Linux added, or GNU/Linux. All the so-called Linux distributions are really distributions of GNU/Linux!", "created_at": "2022-06-27T22:54:09.328Z", "recommended": false, "star_rating": 1}}, {"model": "store.review", "pk": 34, "fields": {"product": 2, "user": 1, "title": "Ignore the morons", "body": "I would really like for you to ignore the morons who keep commenting stupid stuff on this website. This product is definitely worth it.", "created_at": "2022-06-29T04:28:05.026Z", "recommended": true, "star_rating": 5}}, {"model": "store.specification", "pk": 1, "fields": {"label": "Screen Technology", "specification": "Fourth Generation Quantum Dot Hyperspectral Panel"}}, {"model": "store.specification", "pk": 2, "fields": {"label": "Screen Size", "specification": "69\""}}, {"model": "store.specification", "pk": 3, "fields": {"label": "Screen Resolution", "specification": "15360 x 8640"}}, {"model": "store.specification", "pk": 4, "fields": {"label": "Colour Technology", "specification": "400% sRGB, 64-bit colour depth"}}, {"model": "store.specification", "pk": 5, "fields": {"label": "Hyperspectral", "specification": "Yes"}}, {"model": "store.specification", "pk": 6, "fields": {"label": "Simultaneous Hyperspectral Chanels", "specification": "2"}}, {"model": "store.specification", "pk": 7, "fields": {"label": "Storage Type", "specification": "NVMe Solid State Drive"}}, {"model": "store.specification", "pk": 8, "fields": {"label": "Storage Read Speed (Storage Write Speed)", "specification": "6250MB/s (4800MB/s)"}}, {"model": "store.specification", "pk": 9, "fields": {"label": "Storage Capacity", "specification": "1TB"}}, {"model": "store.specification", "pk": 10, "fields": {"label": "Webcam", "specification": "Yes"}}, {"model": "store.specification", "pk": 11, "fields": {"label": "Webcam Resolution (Webcam Framerate)", "specification": "2560 x 1440 (144Hz)"}}, {"model": "store.specification", "pk": 12, "fields": {"label": "TV Processor", "specification": "Kolofon KF Zenith T27 Processor"}}, {"model": "store.specification", "pk": 13, "fields": {"label": "Smart TV", "specification": "Yes"}}, {"model": "store.specification", "pk": 14, "fields": {"label": "Smart TV Platform", "specification": "KF HyperOS 1.4"}}, {"model": "store.specification", "pk": 15, "fields": {"label": "3D Compatible", "specification": "Yes"}}, {"model": "store.specification", "pk": 16, "fields": {"label": "Bluetooth", "specification": "Bluetooth 6.1"}}, {"model": "store.specification", "pk": 17, "fields": {"label": "Wireless Protocol", "specification": "WiFi 6"}}, {"model": "store.specification", "pk": 18, "fields": {"label": "Compatible Video Streaming Apps", "specification": "All"}}, {"model": "store.specification", "pk": 19, "fields": {"label": "Built-in Voice Assistant", "specification": "Google Assistant, Amazon Alexa, Hyper AI"}}, {"model": "store.specification", "pk": 20, "fields": {"label": "HDR Format", "specification": "Quantum HDR 16X Plus"}}, {"model": "store.specification", "pk": 21, "fields": {"label": "Sound", "specification": "InfiniImmersion Pro"}}, {"model": "store.specification", "pk": 22, "fields": {"label": "Refresh Rate", "specification": "Variable"}}, {"model": "store.specification", "pk": 23, "fields": {"label": "Maximum Refresh Rate", "specification": "690Hz"}}, {"model": "store.specification", "pk": 24, "fields": {"label": "Motion Rate", "specification": "0.1μs"}}, {"model": "store.specification", "pk": 25, "fields": {"label": "HDMI Inputs", "specification": "5"}}, {"model": "store.specification", "pk": 26, "fields": {"label": "DisplayPort Inputs", "specification": "2"}}, {"model": "store.specification", "pk": 27, "fields": {"label": "USB Inputs", "specification": "6"}}, {"model": "store.specification", "pk": 28, "fields": {"label": "Energy Star Rating", "specification": "10 stars"}}, {"model": "store.specification", "pk": 29, "fields": {"label": "Release Year", "specification": "2022"}}, {"model": "store.specification", "pk": 30, "fields": {"label": "Series", "specification": "Hyperspectral Series (KFHSTV027)"}}, {"model": "store.specification", "pk": 31, "fields": {"label": "Weight with stand (weight without stand)", "specification": "36kg (29kg)"}}, {"model": "store.specification", "pk": 32, "fields": {"label": "What's In The Box", "specification": "2x HyperWave Remote (batteries not included), 2x DisplayPort 2.0"}}, {"model": "store.specification", "pk": 33, "fields": {"label": "Additional Features", "specification": "Fire Resistant (Class 0 Fire Rating), Water Resistant (IP69KX Rating)"}}, {"model": "store.specification", "pk": 34, "fields": {"label": "Manufacturer's Warranty *", "specification": "3 Years"}}, {"model": "store.specification", "pk": 35, "fields": {"label": "Hyperspectral Generation", "specification": "Generation 1"}}, {"model": "store.specification", "pk": 36, "fields": {"label": "Hyperspectral Layers", "specification": "1"}}, {"model": "store.specification", "pk": 37, "fields": {"label": "Hyperspectral Wavelengths", "specification": "30-130 μm"}}, {"model": "store.category", "pk": 1, "fields": {"name": "Televisions", "slug": "televisions"}}, {"model": "store.category", "pk": 2, "fields": {"name": "Accessories", "slug": "accessories"}}, {"model": "store.allowreviews", "pk": 1, "fields": {"allow": false}}]